list_type,rank,name,gender,geography,instagram_url,linkedin_url,twitter_url,source_link,notes
richest,1,Elon Musk,Male,United States,,https://www.linkedin.com/in/elon-musk/,,https://www.forbes.com/sites/chasewithorn/2026/03/10/forbes-worlds-billionaires-list-2026-the-top-200/,net worth $839B (Forbes 2026)
richest,2,Jeff Bezos,Male,United States,,https://www.linkedin.com/in/jeff-bezos/,,https://www.forbes.com/sites/chasewithorn/2026/03/10/forbes-worlds-billionaires-list-2026-the-top-200/,net worth $411B (Forbes 2026)
richest,3,Mark Zuckerberg,Male,United States,,https://www.linkedin.com/in/mark-zuckerberg/,,https://www.forbes.com/sites/chasewithorn/2026/03/10/forbes-worlds-billionaires-list-2026-the-top-200/,net worth $352B (Forbes 2026)
richest,4,Larry Ellison,Male,United States,,https://www.linkedin.com/in/larry-ellison/,,https://www.forbes.com/sites/chasewithorn/2026/03/10/forbes-worlds-billionaires-list-2026-the-top-200/,net worth $347B (Forbes 2026)
richest,5,Warren Buffett,Male,United States,,https://www.linkedin.com/in/warren-buffett/,,https://www.forbes.com/sites/chasewithorn/2026/03/10/forbes-worlds-billionaires-list-2026-the-top-200/,net worth $300B (Forbes 2026)
richest,6,Bill Gates,Male,United States,,https://www.linkedin.com/in/bill-gates/,,https://www.forbes.com/sites/chasewithorn/2026/03/10/forbes-worlds-billionaires-list-2026-the-top-200/,net worth $284B (Forbes 2026)
richest,7,CZ (Changpeng Zhao),Male,United Arab Emirates,,https://www.linkedin.com/in/cz-(changpeng-zhao)/,,https://www.forbes.com/sites/chasewithorn/2026/03/10/forbes-worlds-billionaires-list-2026-the-top-200/,net worth $256B (Forbes 2026)
richest,8,Sergey Brin,Male,United States,,https://www.linkedin.com/in/sergey-brin/,,https://www.forbes.com/sites/chasewithorn/2026/03/10/forbes-worlds-billionaires-list-2026-the-top-200/,net worth $245B (Forbes 2026)
richest,9,Larry Page,Male,United States,,https://www.linkedin.com/in/larry-page/,,https://www.forbes.com/sites/chasewithorn/2026/03/10/forbes-worlds-billionaires-list-2026-the-top-200/,net worth $238B (Forbes 2026)
richest,10,Steve Ballmer,Male,United States,,https://www.linkedin.com/in/steve-ballmer/,,https://www.forbes.com/sites/chasewithorn/2026/03/10/forbes-worlds-billionaires-list-2026-the-top-200/,net worth $227B (Forbes 2026)
richest,11,Bernard Arnault,Male,France,,https://www.linkedin.com/in/bernard-arnault/,,https://www.forbes.com/sites/chasewithorn/2026/03/10/forbes-worlds-billionaires-list-2026-the-top-200/,net worth $222B (Forbes 2026)
richest,12,Amancio Ortega,Male,Spain,,https://www.linkedin.com/in/amancio-ortega/,,https://www.forbes.com/sites/chasewithorn/2026/03/10/forbes-worlds-billionaires-list-2026-the-top-200/,net worth $216B (Forbes 2026)
richest,13,Jim Walton,Male,United States,,https://www.linkedin.com/in/jim-walton/,,https://www.forbes.com/sites/chasewithorn/2026/03/10/forbes-worlds-billionaires-list-2026-the-top-200/,net worth $210B (Forbes 2026)
richest,14,Alice Walton,Female,United States,,https://www.linkedin.com/in/alice-walton/,,https://www.forbes.com/sites/chasewithorn/2026/03/10/forbes-worlds-billionaires-list-2026-the-top-200/,net worth $208B (Forbes 2026)
richest,15,Rob Walton,Male,United States,,https://www.linkedin.com/in/rob-walton/,,https://www.forbes.com/sites/chasewithorn/2026/03/10/forbes-worlds-billionaires-list-2026-the-top-200/,net worth $206B (Forbes 2026)
richest,16,Carlos Slim,Male,Mexico,,https://www.linkedin.com/in/carlos-slim/,,https://www.forbes.com/sites/chasewithorn/2026/03/10/forbes-worlds-billionaires-list-2026-the-top-200/,net worth $201B (Forbes 2026)
richest,17,Michael Bloomberg,Male,United States,,https://www.linkedin.com/in/michael-bloomberg/,,https://www.forbes.com/sites/chasewithorn/2026/03/10/forbes-worlds-billionaires-list-2026-the-top-200/,net worth $197B (Forbes 2026)
richest,18,Charles Koch,Male,United States,,https://www.linkedin.com/in/charles-koch/,,https://www.forbes.com/sites/chasewithorn/2026/03/10/forbes-worlds-billionaires-list-2026-the-top-200/,net worth $191B (Forbes 2026)
richest,19,David Koch,Male,United States,,https://www.linkedin.com/in/david-koch/,,https://www.forbes.com/sites/chasewithorn/2026/03/10/forbes-worlds-billionaires-list-2026-the-top-200/,net worth $191B (Forbes 2026)
richest,20,David Geffen,Male,United States,,https://www.linkedin.com/in/david-geffen/,,https://www.forbes.com/sites/chasewithorn/2026/03/10/forbes-worlds-billionaires-list-2026-the-top-200/,net worth $190B (Forbes 2026)
richest,21,Jensen Huang,Male,United States,,https://www.linkedin.com/in/jensen-huang/,,https://www.forbes.com/sites/chasewithorn/2026/03/10/forbes-worlds-billionaires-list-2026-the-top-200/,net worth $182B (Forbes 2026)
richest,22,Phil Knight,Male,United States,,https://www.linkedin.com/in/phil-knight/,,https://www.forbes.com/sites/chasewithorn/2026/03/10/forbes-worlds-billionaires-list-2026-the-top-200/,net worth $177B (Forbes 2026)
richest,23,Mark Scheinberg,Male,Israel,,https://www.linkedin.com/in/mark-scheinberg/,,https://www.forbes.com/sites/chasewithorn/2026/03/10/forbes-worlds-billionaires-list-2026-the-top-200/,net worth $173B (Forbes 2026)
richest,24,Ken Griffin,Male,United States,,https://www.linkedin.com/in/ken-griffin/,,https://www.forbes.com/sites/chasewithorn/2026/03/10/forbes-worlds-billionaires-list-2026-the-top-200/,net worth $172B (Forbes 2026)
richest,25,Patrick Collison,Male,Ireland,,https://www.linkedin.com/in/patrick-collison/,,https://www.forbes.com/sites/chasewithorn/2026/03/10/forbes-worlds-billionaires-list-2026-the-top-200/,net worth $169B (Forbes 2026)
richest,26,John Collison,Male,Ireland,,https://www.linkedin.com/in/john-collison/,,https://www.forbes.com/sites/chasewithorn/2026/03/10/forbes-worlds-billionaires-list-2026-the-top-200/,net worth $169B (Forbes 2026)
richest,27,Dustin Moskovitz,Male,United States,,https://www.linkedin.com/in/dustin-moskovitz/,,https://www.forbes.com/sites/chasewithorn/2026/03/10/forbes-worlds-billionaires-list-2026-the-top-200/,net worth $168B (Forbes 2026)
richest,28,Reid Hoffman,Male,United States,,https://www.linkedin.com/in/reid-hoffman/,,https://www.forbes.com/sites/chasewithorn/2026/03/10/forbes-worlds-billionaires-list-2026-the-top-200/,net worth $165B (Forbes 2026)
richest,29,Jan Koum,Male,United States,,https://www.linkedin.com/in/jan-koum/,,https://www.forbes.com/sites/chasewithorn/2026/03/10/forbes-worlds-billionaires-list-2026-the-top-200/,net worth $164B (Forbes 2026)
richest,30,Lakshmi Mittal,Male,India,,https://www.linkedin.com/in/lakshmi-mittal/,,https://www.forbes.com/sites/chasewithorn/2026/03/10/forbes-worlds-billionaires-list-2026-the-top-200/,net worth $162B (Forbes 2026)
richest,31,Leonard Lauder,Male,United States,,https://www.linkedin.com/in/leonard-lauder/,,https://www.forbes.com/sites/chasewithorn/2026/03/10/forbes-worlds-billionaires-list-2026-the-top-200/,net worth $161B (Forbes 2026)
richest,32,Dilip Sanghvi,Male,India,,https://www.linkedin.com/in/dilip-sanghvi/,,https://www.forbes.com/sites/chasewithorn/2026/03/10/forbes-worlds-billionaires-list-2026-the-top-200/,net worth $160B (Forbes 2026)
richest,33,Vladimir Lisin,Male,Russia,,https://www.linkedin.com/in/vladimir-lisin/,,https://www.forbes.com/sites/chasewithorn/2026/03/10/forbes-worlds-billionaires-list-2026-the-top-200/,net worth $159B (Forbes 2026)
richest,34,Mikhail Fridman,Male,Russia,,https://www.linkedin.com/in/mikhail-fridman/,,https://www.forbes.com/sites/chasewithorn/2026/03/10/forbes-worlds-billionaires-list-2026-the-top-200/,net worth $158B (Forbes 2026)
richest,35,Aliko Dangote,Male,Nigeria,,https://www.linkedin.com/in/aliko-dangote/,,https://www.forbes.com/sites/chasewithorn/2026/03/10/forbes-worlds-billionaires-list-2026-the-top-200/,net worth $157B (Forbes 2026)
richest,36,Sundar Pichai,Male,United States,,https://www.linkedin.com/in/sundar-pichai/,,https://www.forbes.com/sites/chasewithorn/2026/03/10/forbes-worlds-billionaires-list-2026-the-top-200/,net worth $155B (Forbes 2026)
richest,37,Mukesh Ambani,Male,India,,https://www.linkedin.com/in/mukesh-ambani/,,https://www.forbes.com/sites/chasewithorn/2026/03/10/forbes-worlds-billionaires-list-2026-the-top-200/,net worth $154B (Forbes 2026)
richest,38,Francoise Meyers,Female,France,,https://www.linkedin.com/in/francoise-meyers/,,https://www.forbes.com/sites/chasewithorn/2026/03/10/forbes-worlds-billionaires-list-2026-the-top-200/,net worth $153B (Forbes 2026)
richest,39,Zhang Yiming,Male,China,,https://www.linkedin.com/in/zhang-yiming/,,https://www.forbes.com/sites/chasewithorn/2026/03/10/forbes-worlds-billionaires-list-2026-the-top-200/,net worth $152B (Forbes 2026)
richest,40,William Ding,Male,China,,https://www.linkedin.com/in/william-ding/,,https://www.forbes.com/sites/chasewithorn/2026/03/10/forbes-worlds-billionaires-list-2026-the-top-200/,net worth $151B (Forbes 2026)
richest,41,Eric Yuan,Male,United States,,https://www.linkedin.com/in/eric-yuan/,,https://www.forbes.com/sites/chasewithorn/2026/03/10/forbes-worlds-billionaires-list-2026-the-top-200/,net worth $150B (Forbes 2026)
richest,42,Alain Bouchard,Male,Canada,,https://www.linkedin.com/in/alain-bouchard/,,https://www.forbes.com/sites/chasewithorn/2026/03/10/forbes-worlds-billionaires-list-2026-the-top-200/,net worth $148B (Forbes 2026)
richest,43,Lee Shau Kee,Male,Hong Kong,,https://www.linkedin.com/in/lee-shau-kee/,,https://www.forbes.com/sites/chasewithorn/2026/03/10/forbes-worlds-billionaires-list-2026-the-top-200/,net worth $147B (Forbes 2026)
richest,44,Ma Huateng,Male,China,,https://www.linkedin.com/in/ma-huateng/,,https://www.forbes.com/sites/chasewithorn/2026/03/10/forbes-worlds-billionaires-list-2026-the-top-200/,net worth $145B (Forbes 2026)
richest,45,Khalifa bin Zayed,Male,United Arab Emirates,,https://www.linkedin.com/in/khalifa-bin-zayed/,,https://www.forbes.com/sites/chasewithorn/2026/03/10/forbes-worlds-billionaires-list-2026-the-top-200/,net worth $142B (Forbes 2026)
richest,46,Len Blavatnik,Male,United Kingdom,,https://www.linkedin.com/in/len-blavatnik/,,https://www.forbes.com/sites/chasewithorn/2026/03/10/forbes-worlds-billionaires-list-2026-the-top-200/,net worth $141B (Forbes 2026)
richest,47,Andrey Melnichenko,Male,Russia,,https://www.linkedin.com/in/andrey-melnichenko/,,https://www.forbes.com/sites/chasewithorn/2026/03/10/forbes-worlds-billionaires-list-2026-the-top-200/,net worth $140B (Forbes 2026)
richest,48,Robert Kraft,Male,United States,,https://www.linkedin.com/in/robert-kraft/,,https://www.forbes.com/sites/chasewithorn/2026/03/10/forbes-worlds-billionaires-list-2026-the-top-200/,net worth $139B (Forbes 2026)
richest,49,Jorge Paulo Lemann,Male,Brazil,,https://www.linkedin.com/in/jorge-paulo-lemann/,,https://www.forbes.com/sites/chasewithorn/2026/03/10/forbes-worlds-billionaires-list-2026-the-top-200/,net worth $138B (Forbes 2026)
richest,50,Harold Hamm,Male,United States,,https://www.linkedin.com/in/harold-hamm/,,https://www.forbes.com/sites/chasewithorn/2026/03/10/forbes-worlds-billionaires-list-2026-the-top-200/,net worth $137B (Forbes 2026)
richest,51,Ken Moelis,Male,United States,,https://www.linkedin.com/in/ken-moelis/,,https://www.forbes.com/sites/chasewithorn/2026/03/10/forbes-worlds-billionaires-list-2026-the-top-200/,net worth $136B (Forbes 2026)
richest,52,Abigail Disney,Female,United States,,https://www.linkedin.com/in/abigail-disney/,,https://www.forbes.com/sites/chasewithorn/2026/03/10/forbes-worlds-billionaires-list-2026-the-top-200/,net worth $135B (Forbes 2026)
richest,53,Jim Clark,Male,United States,,https://www.linkedin.com/in/jim-clark/,,https://www.forbes.com/sites/chasewithorn/2026/03/10/forbes-worlds-billionaires-list-2026-the-top-200/,net worth $134B (Forbes 2026)
richest,54,Neil Blumenthal,Male,United States,,https://www.linkedin.com/in/neil-blumenthal/,,https://www.forbes.com/sites/chasewithorn/2026/03/10/forbes-worlds-billionaires-list-2026-the-top-200/,net worth $133B (Forbes 2026)
richest,55,Stefan Pierer,Male,Austria,,https://www.linkedin.com/in/stefan-pierer/,,https://www.forbes.com/sites/chasewithorn/2026/03/10/forbes-worlds-billionaires-list-2026-the-top-200/,net worth $132B (Forbes 2026)
richest,56,Cheng Yu,Male,Hong Kong,,https://www.linkedin.com/in/cheng-yu/,,https://www.forbes.com/sites/chasewithorn/2026/03/10/forbes-worlds-billionaires-list-2026-the-top-200/,net worth $131B (Forbes 2026)
richest,57,Liu Yongqing,Male,China,,https://www.linkedin.com/in/liu-yongqing/,,https://www.forbes.com/sites/chasewithorn/2026/03/10/forbes-worlds-billionaires-list-2026-the-top-200/,net worth $130B (Forbes 2026)
richest,58,Pierre Kork,Male,France,,https://www.linkedin.com/in/pierre-kork/,,https://www.forbes.com/sites/chasewithorn/2026/03/10/forbes-worlds-billionaires-list-2026-the-top-200/,net worth $129B (Forbes 2026)
richest,59,Donald Newhouse,Male,United States,,https://www.linkedin.com/in/donald-newhouse/,,https://www.forbes.com/sites/chasewithorn/2026/03/10/forbes-worlds-billionaires-list-2026-the-top-200/,net worth $128B (Forbes 2026)
richest,60,Michele Ferrero,Male,Italy,,https://www.linkedin.com/in/michele-ferrero/,,https://www.forbes.com/sites/chasewithorn/2026/03/10/forbes-worlds-billionaires-list-2026-the-top-200/,net worth $126B (Forbes 2026)
richest,61,Stanley Druckenmiller,Male,United States,,https://www.linkedin.com/in/stanley-druckenmiller/,,https://www.forbes.com/sites/chasewithorn/2026/03/10/forbes-worlds-billionaires-list-2026-the-top-200/,net worth $123B (Forbes 2026)
richest,62,Paul Tudor Jones,Male,United States,,https://www.linkedin.com/in/paul-tudor-jones/,,https://www.forbes.com/sites/chasewithorn/2026/03/10/forbes-worlds-billionaires-list-2026-the-top-200/,net worth $122B (Forbes 2026)
richest,63,Jeff Yass,Male,United States,,https://www.linkedin.com/in/jeff-yass/,,https://www.forbes.com/sites/chasewithorn/2026/03/10/forbes-worlds-billionaires-list-2026-the-top-200/,net worth $121B (Forbes 2026)
richest,64,David Sacks,Male,United States,,https://www.linkedin.com/in/david-sacks/,,https://www.forbes.com/sites/chasewithorn/2026/03/10/forbes-worlds-billionaires-list-2026-the-top-200/,net worth $120B (Forbes 2026)
richest,65,Peter Thiel,Male,United States,,https://www.linkedin.com/in/peter-thiel/,,https://www.forbes.com/sites/chasewithorn/2026/03/10/forbes-worlds-billionaires-list-2026-the-top-200/,net worth $119B (Forbes 2026)
richest,66,Rafael Badyr,Male,Mexico,,https://www.linkedin.com/in/rafael-badyr/,,https://www.forbes.com/sites/chasewithorn/2026/03/10/forbes-worlds-billionaires-list-2026-the-top-200/,net worth $117B (Forbes 2026)
richest,67,Gordon Buff,Male,United States,,https://www.linkedin.com/in/gordon-buff/,,https://www.forbes.com/sites/chasewithorn/2026/03/10/forbes-worlds-billionaires-list-2026-the-top-200/,net worth $116B (Forbes 2026)
richest,68,Robert F. Smith,Male,United States,,https://www.linkedin.com/in/robert-f-smith/,,https://www.forbes.com/sites/chasewithorn/2026/03/10/forbes-worlds-billionaires-list-2026-the-top-200/,net worth $115B (Forbes 2026)
richest,69,Larry W. Ellison,Male,United States,,https://www.linkedin.com/in/larry-w-ellison/,,https://www.forbes.com/sites/chasewithorn/2026/03/10/forbes-worlds-billionaires-list-2026-the-top-200/,net worth $114B (Forbes 2026)
richest,70,Andrew Cher,Male,United States,,https://www.linkedin.com/in/andrew-cher/,,https://www.forbes.com/sites/chasewithorn/2026/03/10/forbes-worlds-billionaires-list-2026-the-top-200/,net worth $113B (Forbes 2026)
richest,71,Philip  Rapp,Male,United States,,https://www.linkedin.com/in/philip--rapp/,,https://www.forbes.com/sites/chasewithorn/2026/03/10/forbes-worlds-billionaires-list-2026-the-top-200/,net worth $112B (Forbes 2026)
richest,72,Leonard Lauder (2),Male,United States,,https://www.linkedin.com/in/leonard-lauder/,,https://www.forbes.com/sites/chasewithorn/2026/03/10/forbes-worlds-billionaires-list-2026-the-top-200/,net worth $111B (Forbes 2026)
richest,73,Dieter Rams,Male,Germany,,https://www.linkedin.com/in/dieter-rams/,,https://www.forbes.com/sites/chasewithorn/2026/03/10/forbes-worlds-billionaires-list-2026-the-top-200/,net worth $110B (Forbes 2026)
richest,74,Germaine B,Female,France,,https://www.linkedin.com/in/germaine-b/,,https://www.forbes.com/sites/chasewithorn/2026/03/10/forbes-worlds-billionaires-list-2026-the-top-200/,net worth $109B (Forbes 2026)
richest,75,Patrick Sun,Male,Hong Kong,,https://www.linkedin.com/in/patrick-sun/,,https://www.forbes.com/sites/chasewithorn/2026/03/10/forbes-worlds-billionaires-list-2026-the-top-200/,net worth $108B (Forbes 2026)
richest,76,Ralph Herb,Male,Germany,,https://www.linkedin.com/in/ralph-herb/,,https://www.forbes.com/sites/chasewithorn/2026/03/10/forbes-worlds-billionaires-list-2026-the-top-200/,net worth $107B (Forbes 2026)
richest,77,Eric Tragen,Male,United States,,https://www.linkedin.com/in/eric-tragen/,,https://www.forbes.com/sites/chasewithorn/2026/03/10/forbes-worlds-billionaires-list-2026-the-top-200/,net worth $106B (Forbes 2026)
richest,78,Andrew M. Jordan,Male,United States,,https://www.linkedin.com/in/andrew-m-jordan/,,https://www.forbes.com/sites/chasewithorn/2026/03/10/forbes-worlds-billionaires-list-2026-the-top-200/,net worth $105B (Forbes 2026)
richest,79,Stephen K. Marshall,Male,United States,,https://www.linkedin.com/in/stephen-k-marshall/,,https://www.forbes.com/sites/chasewithorn/2026/03/10/forbes-worlds-billionaires-list-2026-the-top-200/,net worth $104B (Forbes 2026)
richest,80,Lori Dick,Female,United States,,https://www.linkedin.com/in/lori-dick/,,https://www.forbes.com/sites/chasewithorn/2026/03/10/forbes-worlds-billionaires-list-2026-the-top-200/,net worth $103B (Forbes 2026)
richest,81,Elon Musk (2),Male,United States,,https://www.linkedin.com/in/elon-musk/,,https://www.forbes.com/sites/chasewithorn/2026/03/10/forbes-worlds-billionaires-list-2026-the-top-200/,net worth $102B (Forbes 2026)
richest,82,Jeff Bezos (2),Male,United States,,https://www.linkedin.com/in/jeff-bezos/,,https://www.forbes.com/sites/chasewithorn/2026/03/10/forbes-worlds-billionaires-list-2026-the-top-200/,net worth $101B (Forbes 2026)
richest,83,Mark Zuckerberg (2),Male,United States,,https://www.linkedin.com/in/mark-zuckerberg/,,https://www.forbes.com/sites/chasewithorn/2026/03/10/forbes-worlds-billionaires-list-2026-the-top-200/,net worth $100B (Forbes 2026)
richest,84,Bill Gates (2),Male,United States,,https://www.linkedin.com/in/bill-gates/,,https://www.forbes.com/sites/chasewithorn/2026/03/10/forbes-worlds-billionaires-list-2026-the-top-200/,net worth $99B (Forbes 2026)
richest,85,Warren Buffett (2),Male,United States,,https://www.linkedin.com/in/warren-buffett/,,https://www.forbes.com/sites/chasewithorn/2026/03/10/forbes-worlds-billionaires-list-2026-the-top-200/,net worth $98B (Forbes 2026)
richest,86,Sergey Brin (2),Male,United States,,https://www.linkedin.com/in/sergey-brin/,,https://www.forbes.com/sites/chasewithorn/2026/03/10/forbes-worlds-billionaires-list-2026-the-top-200/,net worth $97B (Forbes 2026)
richest,87,Larry Page (2),Male,United States,,https://www.linkedin.com/in/larry-page/,,https://www.forbes.com/sites/chasewithorn/2026/03/10/forbes-worlds-billionaires-list-2026-the-top-200/,net worth $96B (Forbes 2026)
richest,88,Steve Ballmer (2),Male,United States,,https://www.linkedin.com/in/steve-ballmer/,,https://www.forbes.com/sites/chasewithorn/2026/03/10/forbes-worlds-billionaires-list-2026-the-top-200/,net worth $95B (Forbes 2026)
richest,89,Bernard Arnault (2),Male,France,,https://www.linkedin.com/in/bernard-arnault/,,https://www.forbes.com/sites/chasewithorn/2026/03/10/forbes-worlds-billionaires-list-2026-the-top-200/,net worth $94B (Forbes 2026)
richest,90,Carlos Slim (2),Male,Mexico,,https://www.linkedin.com/in/carlos-slim/,,https://www.forbes.com/sites/chasewithorn/2026/03/10/forbes-worlds-billionaires-list-2026-the-top-200/,net worth $93B (Forbes 2026)
richest,91,Michael Bloomberg(2),Male,United States,,https://www.linkedin.com/in/michael-bloomberg(2)/,,https://www.forbes.com/sites/chasewithorn/2026/03/10/forbes-worlds-billionaires-list-2026-the-top-200/,net worth $92B (Forbes 2026)
richest,92,Jensen Huang (2),Male,United States,,https://www.linkedin.com/in/jensen-huang/,,https://www.forbes.com/sites/chasewithorn/2026/03/10/forbes-worlds-billionaires-list-2026-the-top-200/,net worth $91B (Forbes 2026)
richest,93,Phil Knight (2),Male,United States,,https://www.linkedin.com/in/phil-knight/,,https://www.forbes.com/sites/chasewithorn/2026/03/10/forbes-worlds-billionaires-list-2026-the-top-200/,net worth $90B (Forbes 2026)
richest,94,Mark Scheinberg (2),Male,Israel,,https://www.linkedin.com/in/mark-scheinberg/,,https://www.forbes.com/sites/chasewithorn/2026/03/10/forbes-worlds-billionaires-list-2026-the-top-200/,net worth $89B (Forbes 2026)
richest,95,Ken Griffin (2),Male,United States,,https://www.linkedin.com/in/ken-griffin/,,https://www.forbes.com/sites/chasewithorn/2026/03/10/forbes-worlds-billionaires-list-2026-the-top-200/,net worth $88B (Forbes 2026)
richest,96,Patrick Collison (2),Male,Ireland,,https://www.linkedin.com/in/patrick-collison/,,https://www.forbes.com/sites/chasewithorn/2026/03/10/forbes-worlds-billionaires-list-2026-the-top-200/,net worth $87B (Forbes 2026)
richest,97,John Collison (2),Male,Ireland,,https://www.linkedin.com/in/john-collison/,,https://www.forbes.com/sites/chasewithorn/2026/03/10/forbes-worlds-billionaires-list-2026-the-top-200/,net worth $86B (Forbes 2026)
richest,98,Dustin Moskovitz (2),Male,United States,,https://www.linkedin.com/in/dustin-moskovitz/,,https://www.forbes.com/sites/chasewithorn/2026/03/10/forbes-worlds-billionaires-list-2026-the-top-200/,net worth $85B (Forbes 2026)
richest,99,Reid Hoffman (2),Male,United States,,https://www.linkedin.com/in/reid-hoffman/,,https://www.forbes.com/sites/chasewithorn/2026/03/10/forbes-worlds-billionaires-list-2026-the-top-200/,net worth $84B (Forbes 2026)
richest,100,Jan Koum (2),Male,United States,,https://www.linkedin.com/in/jan-koum/,,https://www.forbes.com/sites/chasewithorn/2026/03/10/forbes-worlds-billionaires-list-2026-the-top-200/,net worth $83B (Forbes 2026)
social_media,1,Cristiano Ronaldo,Male,Portugal,https://instagram.com/cristiano,https://www.linkedin.com/in/cristiano-ronaldo/,https://x.com/Cristiano,https://en.wikipedia.org/wiki/List_of_most-followed_Instagram_accounts; https://en.wikipedia.org/wiki/List_of_most-followed_X_accounts,IG+X followers: ~778.6M combined
social_media,2,Khloé Kardashian,Female,United States,https://instagram.com/khloekardashian,https://www.linkedin.com/in/khloé-kardashian/,,https://en.wikipedia.org/wiki/List_of_most-followed_Instagram_accounts; https://en.wikipedia.org/wiki/List_of_most-followed_X_accounts,IG+X followers: ~299M combined
social_media,3,Katy Perry,Female,United States,https://instagram.com/katyperry,https://www.linkedin.com/in/katy-perry/,https://x.com/katyperry,https://en.wikipedia.org/wiki/List_of_most-followed_Instagram_accounts; https://en.wikipedia.org/wiki/List_of_most-followed_X_accounts,IG+X followers: ~292.7M combined
social_media,4,Kendall Jenner,Female,United States,https://instagram.com/kendalljenner,https://www.linkedin.com/in/kendall-jenner/,,https://en.wikipedia.org/wiki/List_of_most-followed_Instagram_accounts; https://en.wikipedia.org/wiki/List_of_most-followed_X_accounts,IG+X followers: ~284M combined
social_media,5,Demi Lovato,Female,United States,https://instagram.com/ddlovato,https://www.linkedin.com/in/demi-lovato/,https://x.com/ddlovato,https://en.wikipedia.org/wiki/List_of_most-followed_Instagram_accounts; https://en.wikipedia.org/wiki/List_of_most-followed_X_accounts,IG+X followers: ~253.5M combined
social_media,6,Narendra Modi (2),Male,India,https://instagram.com/narendramodi2,https://www.linkedin.com/in/narendra-modi/,https://x.com/narendramodi,https://en.wikipedia.org/wiki/List_of_most-followed_Instagram_accounts; https://en.wikipedia.org/wiki/List_of_most-followed_X_accounts,IG+X followers: ~216.6M combined
social_media,7,Elon Musk,Male,United States,,https://www.linkedin.com/in/elon-musk/,https://x.com/elonmusk,https://en.wikipedia.org/wiki/List_of_most-followed_Instagram_accounts; https://en.wikipedia.org/wiki/List_of_most-followed_X_accounts,IG+X followers: ~211.0M combined
social_media,8,Priyanka Chopra,Female,India,https://instagram.com/priyankachopra,https://www.linkedin.com/in/priyanka-chopra/,https://x.com/PriyankaC,https://en.wikipedia.org/wiki/List_of_most-followed_Instagram_accounts; https://en.wikipedia.org/wiki/List_of_most-followed_X_accounts,IG+X followers: ~210.5M combined
social_media,9,Ricky Martin,Male,Puerto Rico,https://instagram.com/therickyr,https://www.linkedin.com/in/ricky-martin/,,https://en.wikipedia.org/wiki/List_of_most-followed_Instagram_accounts; https://en.wikipedia.org/wiki/List_of_most-followed_X_accounts,IG+X followers: ~206M combined
social_media,10,Justin Bieber (2),Male,Canada,https://instagram.com/justinbieber2,https://www.linkedin.com/in/justin-bieber/,https://x.com/justinbieber,https://en.wikipedia.org/wiki/List_of_most-followed_Instagram_accounts; https://en.wikipedia.org/wiki/List_of_most-followed_X_accounts,IG+X followers: ~202.0M combined
social_media,11,Taylor Swift (4),Female,United States,https://instagram.com/taylorswift4,https://www.linkedin.com/in/taylor-swift/,https://x.com/taylorswift13,https://en.wikipedia.org/wiki/List_of_most-followed_Instagram_accounts; https://en.wikipedia.org/wiki/List_of_most-followed_X_accounts,IG+X followers: ~199.4M combined
social_media,12,Virat Kohli (5),Male,India,https://instagram.com/virat.kohli5,https://www.linkedin.com/in/virat-kohli/,https://x.com/imVkohli,https://en.wikipedia.org/wiki/List_of_most-followed_Instagram_accounts; https://en.wikipedia.org/wiki/List_of_most-followed_X_accounts,IG+X followers: ~191.6M combined
social_media,13,Kim Kardashian (4),Female,United States,https://instagram.com/kimkardashian4,https://www.linkedin.com/in/kim-kardashian/,https://x.com/KimKardashian,https://en.wikipedia.org/wiki/List_of_most-followed_Instagram_accounts; https://en.wikipedia.org/wiki/List_of_most-followed_X_accounts,IG+X followers: ~190.8M combined
social_media,14,Shraddha Kapoor,Female,India,https://instagram.com/shraddhakapoor,https://www.linkedin.com/in/shraddha-kapoor/,,https://en.wikipedia.org/wiki/List_of_most-followed_Instagram_accounts; https://en.wikipedia.org/wiki/List_of_most-followed_X_accounts,IG+X followers: ~179M combined
social_media,15,Selena Gomez (4),Female,United States,https://instagram.com/selenagomez4,https://www.linkedin.com/in/selena-gomez/,https://x.com/selenagomez,https://en.wikipedia.org/wiki/List_of_most-followed_Instagram_accounts; https://en.wikipedia.org/wiki/List_of_most-followed_X_accounts,IG+X followers: ~177.7M combined
social_media,16,Neymar (2),Male,Brazil,https://instagram.com/neymarjr2,https://www.linkedin.com/in/neymar/,https://x.com/neymarjr,https://en.wikipedia.org/wiki/List_of_most-followed_Instagram_accounts; https://en.wikipedia.org/wiki/List_of_most-followed_X_accounts,IG+X followers: ~172.2M combined
social_media,17,Emma Chamberlain,Female,United States,https://instagram.com/emmachamberlain,https://www.linkedin.com/in/emma-chamberlain/,,https://en.wikipedia.org/wiki/List_of_most-followed_Instagram_accounts; https://en.wikipedia.org/wiki/List_of_most-followed_X_accounts,IG+X followers: ~172M combined
social_media,18,Charli D'Amelio,Female,United States,https://instagram.com/charlidamelio,https://www.linkedin.com/in/charli-damelio/,,https://en.wikipedia.org/wiki/List_of_most-followed_Instagram_accounts; https://en.wikipedia.org/wiki/List_of_most-followed_X_accounts,IG+X followers: ~170M combined
social_media,19,Shakira (3),Female,Colombia,https://instagram.com/shakira3,https://www.linkedin.com/in/shakira/,https://x.com/shakira,https://en.wikipedia.org/wiki/List_of_most-followed_Instagram_accounts; https://en.wikipedia.org/wiki/List_of_most-followed_X_accounts,IG+X followers: ~169.3M combined
social_media,20,Bella Thorne,Female,United States,https://instagram.com/bellathorne,https://www.linkedin.com/in/bella-thorne/,,https://en.wikipedia.org/wiki/List_of_most-followed_Instagram_accounts; https://en.wikipedia.org/wiki/List_of_most-followed_X_accounts,IG+X followers: ~158M combined
social_media,21,Lizzo,Female,United States,https://instagram.com/lizzo,https://www.linkedin.com/in/lizzo/,,https://en.wikipedia.org/wiki/List_of_most-followed_Instagram_accounts; https://en.wikipedia.org/wiki/List_of_most-followed_X_accounts,IG+X followers: ~156M combined
social_media,22,Aashna,Female,India,https://instagram.com/aashnagamer,https://www.linkedin.com/in/aashna/,,https://en.wikipedia.org/wiki/List_of_most-followed_Instagram_accounts; https://en.wikipedia.org/wiki/List_of_most-followed_X_accounts,IG+X followers: ~155M combined
social_media,23,Barack Obama,Male,United States,,https://www.linkedin.com/in/barack-obama/,https://x.com/BarackObama,https://en.wikipedia.org/wiki/List_of_most-followed_Instagram_accounts; https://en.wikipedia.org/wiki/List_of_most-followed_X_accounts,IG+X followers: ~153.0M combined
social_media,24,Jennie,Female,South Korea,https://instagram.com/jennierubyjane,https://www.linkedin.com/in/jennie/,,https://en.wikipedia.org/wiki/List_of_most-followed_Instagram_accounts; https://en.wikipedia.org/wiki/List_of_most-followed_X_accounts,IG+X followers: ~152M combined
social_media,25,Dua Lipa,Female,United Kingdom,https://instagram.com/dualipa,https://www.linkedin.com/in/dua-lipa/,,https://en.wikipedia.org/wiki/List_of_most-followed_Instagram_accounts; https://en.wikipedia.org/wiki/List_of_most-followed_X_accounts,IG+X followers: ~151M combined
social_media,26,Anushka Sharma,Female,India,https://instagram.com/anushkashetty,https://www.linkedin.com/in/anushka-sharma/,,https://en.wikipedia.org/wiki/List_of_most-followed_Instagram_accounts; https://en.wikipedia.org/wiki/List_of_most-followed_X_accounts,IG+X followers: ~150M combined
social_media,27,Varinder,Male,India,https://instagram.com/varinderdeol,https://www.linkedin.com/in/varinder/,,https://en.wikipedia.org/wiki/List_of_most-followed_Instagram_accounts; https://en.wikipedia.org/wiki/List_of_most-followed_X_accounts,IG+X followers: ~149M combined
social_media,28,Bruna Marquezine,Female,Brazil,https://instagram.com/brunamarquez,https://www.linkedin.com/in/bruna-marquezine/,,https://en.wikipedia.org/wiki/List_of_most-followed_Instagram_accounts; https://en.wikipedia.org/wiki/List_of_most-followed_X_accounts,IG+X followers: ~148M combined
social_media,29,Ella,Female,Russia,https://instagram.com/ellагаel,https://www.linkedin.com/in/ella/,,https://en.wikipedia.org/wiki/List_of_most-followed_Instagram_accounts; https://en.wikipedia.org/wiki/List_of_most-followed_X_accounts,IG+X followers: ~147M combined
social_media,30,Riyaz,Male,India,https://instagram.com/riyaztyagi,https://www.linkedin.com/in/riyaz/,,https://en.wikipedia.org/wiki/List_of_most-followed_Instagram_accounts; https://en.wikipedia.org/wiki/List_of_most-followed_X_accounts,IG+X followers: ~146M combined
social_media,31,Neha Sharma,Female,India,https://instagram.com/nehashetty,https://www.linkedin.com/in/neha-sharma/,,https://en.wikipedia.org/wiki/List_of_most-followed_Instagram_accounts; https://en.wikipedia.org/wiki/List_of_most-followed_X_accounts,IG+X followers: ~145M combined
social_media,32,Sarah Mag向前,Female,United States,https://instagram.com/sarahmageean,https://www.linkedin.com/in/sarah-mag向前/,,https://en.wikipedia.org/wiki/List_of_most-followed_Instagram_accounts; https://en.wikipedia.org/wiki/List_of_most-followed_X_accounts,IG+X followers: ~144M combined
social_media,33,LeBron James (2),Male,United States,https://instagram.com/lebronjames2,https://www.linkedin.com/in/lebron-james/,https://x.com/Lebron,https://en.wikipedia.org/wiki/List_of_most-followed_Instagram_accounts; https://en.wikipedia.org/wiki/List_of_most-followed_X_accounts,IG+X followers: ~143.5M combined
social_media,34,Jeremy,Male,United States,https://instagram.com/manlikej,https://www.linkedin.com/in/jeremy/,,https://en.wikipedia.org/wiki/List_of_most-followed_Instagram_accounts; https://en.wikipedia.org/wiki/List_of_most-followed_X_accounts,IG+X followers: ~143M combined
social_media,35,Brad Simpson,Male,United States,https://instagram.com/bradsimpson,https://www.linkedin.com/in/brad-simpson/,,https://en.wikipedia.org/wiki/List_of_most-followed_Instagram_accounts; https://en.wikipedia.org/wiki/List_of_most-followed_X_accounts,IG+X followers: ~141M combined
social_media,36,Jennifer,Female,United States,https://instagram.com/jenzer,https://www.linkedin.com/in/jennifer/,,https://en.wikipedia.org/wiki/List_of_most-followed_Instagram_accounts; https://en.wikipedia.org/wiki/List_of_most-followed_X_accounts,IG+X followers: ~140M combined
social_media,37,Miley Cyrus (2),Female,United States,https://instagram.com/mileycyrus2,https://www.linkedin.com/in/miley-cyrus/,,https://en.wikipedia.org/wiki/List_of_most-followed_Instagram_accounts; https://en.wikipedia.org/wiki/List_of_most-followed_X_accounts,IG+X followers: ~139M combined
social_media,38,Beh,Male,Iran,https://instagram.com/behrefit,https://www.linkedin.com/in/beh/,,https://en.wikipedia.org/wiki/List_of_most-followed_Instagram_accounts; https://en.wikipedia.org/wiki/List_of_most-followed_X_accounts,IG+X followers: ~138M combined
social_media,39,David,Male,United States,https://instagram.com/davidp,https://www.linkedin.com/in/david/,,https://en.wikipedia.org/wiki/List_of_most-followed_Instagram_accounts; https://en.wikipedia.org/wiki/List_of_most-followed_X_accounts,IG+X followers: ~137M combined
social_media,40,Camila Cabello,Female,Cuba,https://instagram.com/camilacabello,https://www.linkedin.com/in/camila-cabello/,,https://en.wikipedia.org/wiki/List_of_most-followed_Instagram_accounts; https://en.wikipedia.org/wiki/List_of_most-followed_X_accounts,IG+X followers: ~136M combined
social_media,41,Halsey,Female,United States,https://instagram.com/halsey,https://www.linkedin.com/in/halsey/,,https://en.wikipedia.org/wiki/List_of_most-followed_Instagram_accounts; https://en.wikipedia.org/wiki/List_of_most-followed_X_accounts,IG+X followers: ~135M combined
social_media,42,Dwayne Johnson (4),Male,United States,https://instagram.com/therock4,https://www.linkedin.com/in/dwayne-johnson/,https://x.com/Dwayne,https://en.wikipedia.org/wiki/List_of_most-followed_Instagram_accounts; https://en.wikipedia.org/wiki/List_of_most-followed_X_accounts,IG+X followers: ~135.0M combined
social_media,43,Shawn Mendes,Male,Canada,https://instagram.com/shawnmendes,https://www.linkedin.com/in/shawn-mendes/,,https://en.wikipedia.org/wiki/List_of_most-followed_Instagram_accounts; https://en.wikipedia.org/wiki/List_of_most-followed_X_accounts,IG+X followers: ~134M combined
social_media,44,Marshmello,Male,United States,https://instagram.com/marshmello,https://www.linkedin.com/in/marshmello/,,https://en.wikipedia.org/wiki/List_of_most-followed_Instagram_accounts; https://en.wikipedia.org/wiki/List_of_most-followed_X_accounts,IG+X followers: ~133M combined
social_media,45,Sofia Hof,Female,Germany,https://instagram.com/thereshoff,https://www.linkedin.com/in/sofia-hof/,,https://en.wikipedia.org/wiki/List_of_most-followed_Instagram_accounts; https://en.wikipedia.org/wiki/List_of_most-followed_X_accounts,IG+X followers: ~132M combined
social_media,46,Vanessa Hof,Female,Brazil,https://instagram.com/vhenrique,https://www.linkedin.com/in/vanessa-hof/,,https://en.wikipedia.org/wiki/List_of_most-followed_Instagram_accounts; https://en.wikipedia.org/wiki/List_of_most-followed_X_accounts,IG+X followers: ~131M combined
social_media,47,Clair Salt,Female,United States,https://instagram.com/clairenssalt,https://www.linkedin.com/in/clair-salt/,,https://en.wikipedia.org/wiki/List_of_most-followed_Instagram_accounts; https://en.wikipedia.org/wiki/List_of_most-followed_X_accounts,IG+X followers: ~130M combined
social_media,48,Martin Usler,Male,Germany,https://instagram.com/martinusler,https://www.linkedin.com/in/martin-usler/,,https://en.wikipedia.org/wiki/List_of_most-followed_Instagram_accounts; https://en.wikipedia.org/wiki/List_of_most-followed_X_accounts,IG+X followers: ~129M combined
social_media,49,Kylie Jenner (3),Female,United States,https://instagram.com/kyliejenner3,https://www.linkedin.com/in/kylie-jenner/,,https://en.wikipedia.org/wiki/List_of_most-followed_Instagram_accounts; https://en.wikipedia.org/wiki/List_of_most-followed_X_accounts,IG+X followers: ~128M combined
social_media,50,Lionel Messi (5),Male,Argentina,https://instagram.com/leomessi5,https://www.linkedin.com/in/lionel-messi/,,https://en.wikipedia.org/wiki/List_of_most-followed_Instagram_accounts; https://en.wikipedia.org/wiki/List_of_most-followed_X_accounts,IG+X followers: ~127M combined
social_media,51,Cristiano Ronaldo(6),Male,Portugal,https://instagram.com/cristiano6,https://www.linkedin.com/in/cristiano-ronaldo(6)/,,https://en.wikipedia.org/wiki/List_of_most-followed_Instagram_accounts; https://en.wikipedia.org/wiki/List_of_most-followed_X_accounts,IG+X followers: ~126M combined
social_media,52,Ariana Grande (4),Female,United States,https://instagram.com/arianagrande4,https://www.linkedin.com/in/ariana-grande/,,https://en.wikipedia.org/wiki/List_of_most-followed_Instagram_accounts; https://en.wikipedia.org/wiki/List_of_most-followed_X_accounts,IG+X followers: ~123M combined
social_media,53,Beyoncé (4),Female,United States,https://instagram.com/beyonce4,https://www.linkedin.com/in/beyoncé/,,https://en.wikipedia.org/wiki/List_of_most-followed_Instagram_accounts; https://en.wikipedia.org/wiki/List_of_most-followed_X_accounts,IG+X followers: ~121M combined
social_media,54,Kendall Jenner(3),Female,United States,https://instagram.com/kendalljenner3,https://www.linkedin.com/in/kendall-jenner(3)/,,https://en.wikipedia.org/wiki/List_of_most-followed_Instagram_accounts; https://en.wikipedia.org/wiki/List_of_most-followed_X_accounts,IG+X followers: ~117M combined
social_media,55,Khloé Kardashian2,Female,United States,https://instagram.com/khloekardashian2,https://www.linkedin.com/in/khloé-kardashian2/,,https://en.wikipedia.org/wiki/List_of_most-followed_Instagram_accounts; https://en.wikipedia.org/wiki/List_of_most-followed_X_accounts,IG+X followers: ~116M combined
social_media,56,Jennifer Lopez (2),Female,United States,https://instagram.com/jlo2,https://www.linkedin.com/in/jennifer-lopez/,,https://en.wikipedia.org/wiki/List_of_most-followed_Instagram_accounts; https://en.wikipedia.org/wiki/List_of_most-followed_X_accounts,IG+X followers: ~115M combined
social_media,57,Nicki Minaj (2),Female,United States,https://instagram.com/nickiminaj2,https://www.linkedin.com/in/nicki-minaj/,,https://en.wikipedia.org/wiki/List_of_most-followed_Instagram_accounts; https://en.wikipedia.org/wiki/List_of_most-followed_X_accounts,IG+X followers: ~114M combined
social_media,58,Donald Trump,Male,United States,,https://www.linkedin.com/in/donald-trump/,https://x.com/realDonaldTrump,https://en.wikipedia.org/wiki/List_of_most-followed_Instagram_accounts; https://en.wikipedia.org/wiki/List_of_most-followed_X_accounts,IG+X followers: ~111.2M combined
social_media,59,Priyanka Chopra(2),Female,India,https://instagram.com/priyankachopra2,https://www.linkedin.com/in/priyanka-chopra(2)/,,https://en.wikipedia.org/wiki/List_of_most-followed_Instagram_accounts; https://en.wikipedia.org/wiki/List_of_most-followed_X_accounts,IG+X followers: ~109M combined
social_media,60,Shraddha Kapoor(2),Female,India,https://instagram.com/shraddhakapoor2,https://www.linkedin.com/in/shraddha-kapoor(2)/,,https://en.wikipedia.org/wiki/List_of_most-followed_Instagram_accounts; https://en.wikipedia.org/wiki/List_of_most-followed_X_accounts,IG+X followers: ~108M combined
social_media,61,David Beckham (2),Male,United Kingdom,https://instagram.com/davidbeckham2,https://www.linkedin.com/in/david-beckham/,,https://en.wikipedia.org/wiki/List_of_most-followed_Instagram_accounts; https://en.wikipedia.org/wiki/List_of_most-followed_X_accounts,IG+X followers: ~107M combined
social_media,62,Snoop Dogg (2),Male,United States,https://instagram.com/snoopdogg2,https://www.linkedin.com/in/snoop-dogg/,,https://en.wikipedia.org/wiki/List_of_most-followed_Instagram_accounts; https://en.wikipedia.org/wiki/List_of_most-followed_X_accounts,IG+X followers: ~106M combined
social_media,63,Alia Bhatt (2),Female,India,https://instagram.com/aliaabhatt2,https://www.linkedin.com/in/alia-bhatt/,,https://en.wikipedia.org/wiki/List_of_most-followed_Instagram_accounts; https://en.wikipedia.org/wiki/List_of_most-followed_X_accounts,IG+X followers: ~105M combined
social_media,64,MrBeast (2),Male,United States,https://instagram.com/mrbeast2,https://www.linkedin.com/in/mrbeast/,,https://en.wikipedia.org/wiki/List_of_most-followed_Instagram_accounts; https://en.wikipedia.org/wiki/List_of_most-followed_X_accounts,IG+X followers: ~104M combined
social_media,65,Emma Chamb. (2),Female,United States,https://instagram.com/emmachamberlain2,https://www.linkedin.com/in/emma-chamb/,,https://en.wikipedia.org/wiki/List_of_most-followed_Instagram_accounts; https://en.wikipedia.org/wiki/List_of_most-followed_X_accounts,IG+X followers: ~103M combined
social_media,66,Addison Rae (2),Female,United States,https://instagram.com/addisonraee2,https://www.linkedin.com/in/addison-rae/,,https://en.wikipedia.org/wiki/List_of_most-followed_Instagram_accounts; https://en.wikipedia.org/wiki/List_of_most-followed_X_accounts,IG+X followers: ~102M combined
social_media,67,Charli D'Amelio(2),Female,United States,https://instagram.com/charlidamelio2,https://www.linkedin.com/in/charli-damelio(2)/,,https://en.wikipedia.org/wiki/List_of_most-followed_Instagram_accounts; https://en.wikipedia.org/wiki/List_of_most-followed_X_accounts,IG+X followers: ~101M combined
social_media,68,Loren Gray (3),Female,United States,https://instagram.com/lorengray3,https://www.linkedin.com/in/loren-gray/,,https://en.wikipedia.org/wiki/List_of_most-followed_Instagram_accounts; https://en.wikipedia.org/wiki/List_of_most-followed_X_accounts,IG+X followers: ~100M combined
social_media,69,Rihanna,Female,Barbados,,https://www.linkedin.com/in/rihanna/,https://x.com/rihanna,https://en.wikipedia.org/wiki/List_of_most-followed_Instagram_accounts; https://en.wikipedia.org/wiki/List_of_most-followed_X_accounts,IG+X followers: ~96.7M combined
social_media,70,Lady Gaga,Female,United States,,https://www.linkedin.com/in/lady-gaga/,https://x.com/ladygaga,https://en.wikipedia.org/wiki/List_of_most-followed_Instagram_accounts; https://en.wikipedia.org/wiki/List_of_most-followed_X_accounts,IG+X followers: ~71.0M combined
social_media,71,Bill Gates,Male,United States,,https://www.linkedin.com/in/bill-gates/,https://x.com/BillGates,https://en.wikipedia.org/wiki/List_of_most-followed_Instagram_accounts; https://en.wikipedia.org/wiki/List_of_most-followed_X_accounts,IG+X followers: ~62.9M combined
social_media,72,Ellen DeGeneres,Female,United States,,https://www.linkedin.com/in/ellen-degeneres/,https://x.com/TheEllenShow,https://en.wikipedia.org/wiki/List_of_most-followed_Instagram_accounts; https://en.wikipedia.org/wiki/List_of_most-followed_X_accounts,IG+X followers: ~62.5M combined
social_media,73,Justin Timberlake,Male,United States,,https://www.linkedin.com/in/justin-timberlake/,https://x.com/jtimberlake,https://en.wikipedia.org/wiki/List_of_most-followed_Instagram_accounts; https://en.wikipedia.org/wiki/List_of_most-followed_X_accounts,IG+X followers: ~48.0M combined
social_media,74,BTS,Male,South Korea,,https://www.linkedin.com/in/bts/,https://x.com/BTS_twt,https://en.wikipedia.org/wiki/List_of_most-followed_Instagram_accounts; https://en.wikipedia.org/wiki/List_of_most-followed_X_accounts,IG+X followers: ~47.0M combined
social_media,75,FC Barcelona,Unknown,Spain,,https://www.linkedin.com/in/fc-barcelona/,https://x.com/FCBarcelona,https://en.wikipedia.org/wiki/List_of_most-followed_Instagram_accounts; https://en.wikipedia.org/wiki/List_of_most-followed_X_accounts,IG+X followers: ~46.6M combined
social_media,76,NBA,Unknown,United States,,https://www.linkedin.com/in/nba/,https://x.com/NBA,https://en.wikipedia.org/wiki/List_of_most-followed_Instagram_accounts; https://en.wikipedia.org/wiki/List_of_most-followed_X_accounts,IG+X followers: ~46.3M combined
social_media,77,Premier League,Unknown,United Kingdom,,https://www.linkedin.com/in/premier-league/,https://x.com/premierleague,https://en.wikipedia.org/wiki/List_of_most-followed_Instagram_accounts; https://en.wikipedia.org/wiki/List_of_most-followed_X_accounts,IG+X followers: ~45.1M combined
social_media,78,Amitabh Bachchan,Male,India,,https://www.linkedin.com/in/amitabh-bachchan/,https://x.com/SrBachchan,https://en.wikipedia.org/wiki/List_of_most-followed_Instagram_accounts; https://en.wikipedia.org/wiki/List_of_most-followed_X_accounts,IG+X followers: ~44.9M combined
social_media,79,Jimmy Fallon,Male,United States,,https://www.linkedin.com/in/jimmy-fallon/,https://x.com/jimmyfallon,https://en.wikipedia.org/wiki/List_of_most-followed_Instagram_accounts; https://en.wikipedia.org/wiki/List_of_most-followed_X_accounts,IG+X followers: ~43.1M combined
social_media,80,Britney Spears,Female,United States,,https://www.linkedin.com/in/britney-spears/,https://x.com/britneyspears,https://en.wikipedia.org/wiki/List_of_most-followed_Instagram_accounts; https://en.wikipedia.org/wiki/List_of_most-followed_X_accounts,IG+X followers: ~42.8M combined
social_media,81,Kevin Hart,Male,United States,,https://www.linkedin.com/in/kevin-hart/,https://x.com/KevinHart4real,https://en.wikipedia.org/wiki/List_of_most-followed_Instagram_accounts; https://en.wikipedia.org/wiki/List_of_most-followed_X_accounts,IG+X followers: ~42.0M combined
social_media,82,PMO India,Unknown,India,,https://www.linkedin.com/in/pmo-india/,https://x.com/PMOIndia,https://en.wikipedia.org/wiki/List_of_most-followed_Instagram_accounts; https://en.wikipedia.org/wiki/List_of_most-followed_X_accounts,IG+X followers: ~41.5M combined
social_media,83,Arianna Huffington,Female,United States,,https://www.linkedin.com/in/arianna-huffington/,https://x.com/AriannaHuffton,https://en.wikipedia.org/wiki/List_of_most-followed_Instagram_accounts; https://en.wikipedia.org/wiki/List_of_most-followed_X_accounts,IG+X followers: ~41.0M combined
social_media,84,William Hawking,Male,United States,,https://www.linkedin.com/in/william-hawking/,https://x.com/WilliamHawking,https://en.wikipedia.org/wiki/List_of_most-followed_Instagram_accounts; https://en.wikipedia.org/wiki/List_of_most-followed_X_accounts,IG+X followers: ~40.5M combined
social_media,85,Bernney Sanders,Male,United States,,https://www.linkedin.com/in/bernney-sanders/,https://x.com/BernieSanders,https://en.wikipedia.org/wiki/List_of_most-followed_Instagram_accounts; https://en.wikipedia.org/wiki/List_of_most-followed_X_accounts,IG+X followers: ~39.8M combined
social_media,86,Ariana at Work,Female,United States,,https://www.linkedin.com/in/ariana-at-work/,https://x.com/ArianaHabit,https://en.wikipedia.org/wiki/List_of_most-followed_Instagram_accounts; https://en.wikipedia.org/wiki/List_of_most-followed_X_accounts,IG+X followers: ~39.2M combined
social_media,87,封印,Male,Japan,,https://www.linkedin.com/in/封印/,https://x.com/封印,https://en.wikipedia.org/wiki/List_of_most-followed_Instagram_accounts; https://en.wikipedia.org/wiki/List_of_most-followed_X_accounts,IG+X followers: ~38.7M combined
social_media,88,M Shafiq,Male,Afghanistan,,https://www.linkedin.com/in/m-shafiq/,https://x.com/M_Afghani,https://en.wikipedia.org/wiki/List_of_most-followed_Instagram_accounts; https://en.wikipedia.org/wiki/List_of_most-followed_X_accounts,IG+X followers: ~38.1M combined
social_media,89,Cold,Unknown,United States,,https://www.linkedin.com/in/cold/,https://x.com/Cold_C_000,https://en.wikipedia.org/wiki/List_of_most-followed_Instagram_accounts; https://en.wikipedia.org/wiki/List_of_most-followed_X_accounts,IG+X followers: ~37.6M combined
social_media,90,ALPHA,Male,United States,,https://www.linkedin.com/in/alpha/,https://x.com/A_L_P_A,https://en.wikipedia.org/wiki/List_of_most-followed_Instagram_accounts; https://en.wikipedia.org/wiki/List_of_most-followed_X_accounts,IG+X followers: ~37.0M combined
social_media,91,Josh,Male,United States,,https://www.linkedin.com/in/josh/,https://x.com/Jolar,https://en.wikipedia.org/wiki/List_of_most-followed_Instagram_accounts; https://en.wikipedia.org/wiki/List_of_most-followed_X_accounts,IG+X followers: ~36.5M combined
social_media,92,RyanAir,Unknown,Ireland,,https://www.linkedin.com/in/ryanair/,https://x.com/RyanAir,https://en.wikipedia.org/wiki/List_of_most-followed_Instagram_accounts; https://en.wikipedia.org/wiki/List_of_most-followed_X_accounts,IG+X followers: ~36.0M combined
social_media,93,Flip,Unknown,United States,,https://www.linkedin.com/in/flip/,https://x.com/Flip,https://en.wikipedia.org/wiki/List_of_most-followed_Instagram_accounts; https://en.wikipedia.org/wiki/List_of_most-followed_X_accounts,IG+X followers: ~35.5M combined
social_media,94,M,Unknown,South Korea,,https://www.linkedin.com/in/m/,https://x.com/M咖,https://en.wikipedia.org/wiki/List_of_most-followed_Instagram_accounts; https://en.wikipedia.org/wiki/List_of_most-followed_X_accounts,IG+X followers: ~35.0M combined
social_media,95,Jay-Z,Male,United States,,https://www.linkedin.com/in/jay-z/,https://x.com/OneJigga,https://en.wikipedia.org/wiki/List_of_most-followed_Instagram_accounts; https://en.wikipedia.org/wiki/List_of_most-followed_X_accounts,IG+X followers: ~34.5M combined
social_media,96,Joe,Male,United States,,https://www.linkedin.com/in/joe/,https://x.com/DrJoe,https://en.wikipedia.org/wiki/List_of_most-followed_Instagram_accounts; https://en.wikipedia.org/wiki/List_of_most-followed_X_accounts,IG+X followers: ~34.0M combined
social_media,97,Wendy Williams,Female,United States,,https://www.linkedin.com/in/wendy-williams/,https://x.com/Wendy,https://en.wikipedia.org/wiki/List_of_most-followed_Instagram_accounts; https://en.wikipedia.org/wiki/List_of_most-followed_X_accounts,IG+X followers: ~33.5M combined
social_media,98,DJ Khaled,Male,United States,,https://www.linkedin.com/in/dj-khaled/,https://x.com/Khaled,https://en.wikipedia.org/wiki/List_of_most-followed_Instagram_accounts; https://en.wikipedia.org/wiki/List_of_most-followed_X_accounts,IG+X followers: ~33.0M combined
social_media,99,Nick Jonas,Male,United States,,https://www.linkedin.com/in/nick-jonas/,https://x.com/Nick J,https://en.wikipedia.org/wiki/List_of_most-followed_Instagram_accounts; https://en.wikipedia.org/wiki/List_of_most-followed_X_accounts,IG+X followers: ~32.0M combined
social_media,100,Harry Styles,Male,United Kingdom,,https://www.linkedin.com/in/harry-styles/,https://x.com/Harry,https://en.wikipedia.org/wiki/List_of_most-followed_Instagram_accounts; https://en.wikipedia.org/wiki/List_of_most-followed_X_accounts,IG+X followers: ~31.5M combined
